{
  "id": "",
  "name": "",
  "font_family": "iconfont",
  "css_prefix_text": "icon-",
  "description": "",
  "glyphs": [
    {
      "icon_id": "584250",
      "name": "右箭头",
      "font_class": "iconfontjiantou4",
      "unicode": "e634",
      "unicode_decimal": 58932
    },
    {
      "icon_id": "1240783",
      "name": "地址",
      "font_class": "dizhi",
      "unicode": "e61a",
      "unicode_decimal": 58906
    },
    {
      "icon_id": "1272139",
      "name": "电话",
      "font_class": "dianhua",
      "unicode": "e60c",
      "unicode_decimal": 58892
    },
    {
      "icon_id": "1350114",
      "name": "用户",
      "font_class": "user",
      "unicode": "e60f",
      "unicode_decimal": 58895
    },
    {
      "icon_id": "3978418",
      "name": "设为默认",
      "font_class": "sheweimoren",
      "unicode": "e67d",
      "unicode_decimal": 59005
    },
    {
      "icon_id": "5831309",
      "name": "添加",
      "font_class": "tianjia",
      "unicode": "e64b",
      "unicode_decimal": 58955
    },
    {
      "icon_id": "7404314",
      "name": "时间",
      "font_class": "shijian",
      "unicode": "e77c",
      "unicode_decimal": 59260
    }
  ]
}
